status_code, message, timestamp
2, "The PRT is currently down between Towers and Walnut Street.", 2011 02 01 12
1, "The PRT is currently running on a normal schedule.", 2011 01 19 14
1, "The PRT is currently running on a normal schedule.", 2010 09 10 16
1, "The PRT is currently running on a normal schedule.", 2012 01 11 10
4, "The PRT is currently down.", 2011 02 22 14
2, "The PRT is currently down between Engineering and Beechurst.", 2011 10 19 13
5, "PRT down at Beechurst North,Engineering,Towers and HSC busses running", 2010 09 17 06
6, "The PRT is currently down at the Health Sciences Center station.", 2010 08 19 10
5, "The prt is out of service @ eng sta, busses are picking up @ the crosswalk by the tennis courts outside of tow, and @ the turnarounds outside of bee and eng", 2012 01 18 12
1, "The PRT is currently running on a normal schedule.", 2010 08 30 12
5, "the PRT is Down at beechurst Staion Buses are running", 2011 07 22 18
5, "The PRT will be out of service for technical issues for at least 10 minutes", 2010 09 18 12
1, "The PRT is currently running on a normal schedule.", 2010 10 27 10
1, "The PRT is currently running on a normal schedule.", 2011 04 15 12
1, "The PRT is currently running on a normal schedule.", 2010 09 07 15
1, "The PRT is currently running on a normal schedule.", 2012 01 30 06
5, "The PRT is currently out of service between Hospital and Towers busses will be picking up at the Towers crosswalk by the Tennis Courts and will be picking up below Mountaineer Station  ", 2010 09 13 11
5, "The PRT will be down temporary between Beechurst , Engineering, and Towers stations, WVU buses are operating at and between these stations .", 2010 11 18 08
2, "The PRT is currently down between Engineering and Beechurst.", 2011 01 20 08
1, "The PRT is currently running on a normal schedule.", 2012 01 11 10
5, "the prt will be temporarily out of service to reboot computers, estimate no longer than 15 mins", 2011 10 25 10
2, "The PRT is currently down between Health Sciences Center and Beechurst.", 2010 09 17 15
1, "The PRT is currently running on a normal schedule.", 2010 08 20 12
1, "The PRT is currently running on a normal schedule.", 2011 11 16 10
1, "The PRT is currently running on a normal schedule.", 2011 07 23 12
1, "The PRT is currently running on a normal schedule.", 2010 09 18 16
5, "This is a test of the down time link  see if there is room for message to be typed directing passengers to bus locations when the PRT is not running", 2010 08 31 12
5, "The prt is out of service @ hos sta, busses will be picking up @ the bottom of mtr sta outside of hos, and @ the crosswalk by the tennis courts outside of tow", 2012 01 25 09
1, "The PRT is currently running on a normal schedule.", 2010 09 08 10
5, "The prt will be out of service between bee and eng for the removal of ice from the guideway, busses will pick up @ the turnarounds outside of bee and eng", 2012 01 30 07
1, "The PRT is currently running on a normal schedule.", 2012 01 07 11
2, "The PRT is currently down between Engineering and Beechurst.", 2011 02 07 13
5, "Hospital Station is out of service", 2011 01 20 16
6, "The PRT is currently down at the Beechurst station.", 2010 12 02 13
5, "The PRT is Closed until May 16, 2011", 2011 05 11 10
1, "The PRT is currently running on a normal schedule.", 2010 09 14 06
6, "The PRT is currently down at the Health Sciences Center station.", 2011 03 01 09
5, "the prt is out of service to and from towers sta and Hosptial sta buses are running from Beech Sta turnaround to Towers Sta and from tennies cours at towers to hosp and to beech", 2010 09 17 16
6, "The PRT is currently down at the Engineering station.", 2010 08 23 09
5, "The prt is out of service @ eng, busses are picking up @ the turn around outside of tow, and @ the turnarounds outside of bee and eng", 2012 01 18 13
1, "The PRT is currently running on a normal schedule.", 2011 03 10 09
5, "The prt is out of service @ hos sta, busses will pick up @ the bottom of mtr sta outside of hos, and @ the crosswalk by the tennis courts outside of  tow", 2011 11 30 09
1, "The PRT is currently running on a normal schedule.", 2011 02 07 13
4, "The PRT is currently down.", 2010 09 20 15
1, "The PRT is currently running on a normal schedule.", 2010 08 31 16
5, "The prt is out of service @ tow, eng , and bee busses are picking up @ the turnarounds outside of eng and bee, and @ the crosswalk by the tennis courts outside of tow", 2012 01 25 09
5, "The prt is out of service @ bee and wal, busses are picking up @ the turnarounds outside of bee and eng, and @ the corner of wal and chestnut streets", 2011 02 22 07
5, "The prtis out of service @ eng,bee,and wal, busses will pick up @ the crosswalk by the tennis courts outside of tow, and @ the turnarounds outside of bee AND ENG, AND @ THE CORNER OF WAlnut and chestnut streets outside of wal", 2012 01 30 07
5, "the prt is closed to and from medical/hosptial Sta Buses have been called will pick up below mountineer sta  and will run to towers  picking up at crosswalk by tennis courts if wanting to get to med/hosp sta ride to towers sta catch buses at crosswalk to", 2010 09 14 18
1, "The PRT is currently running on a normal schedule.", 2010 09 27 09
4, "The PRT is currently down.", 2011 06 09 13
2, "The PRT is currently down between Engineering and Health Sciences Center.", 2010 09 17 17
5, "prt is out of service till 08/17/2011 for scheduled maintenance", 2011 08 08 08
5, "The prt is out out of service @ hos sta, busses will pick up @ the bottom of mtr sta, and @ the crosswalk by the tennis courts outside of tow", 2011 11 30 10
1, "The PRT is currently running on a normal schedule.", 2011 02 11 13
1, "The PRT is currently running on a normal schedule.", 2010 09 02 12
2, "The PRT is currently down between Beechurst and Health Sciences Center.", 2011 04 11 09
1, "The PRT is currently running on a normal schedule.", 2010 09 09 18
6, "The PRT is currently down at the Walnut Street station.", 2012 01 09 06
5, "The prt will be out of service @ Bee and Wal, busses will pick up at the turnarounds outside of eng and bee and at the corner of wal and chestnut streets outside of wal", 2011 02 09 06
6, "The PRT is currently down at the Health Sciences Center station.", 2011 01 26 11
5, "The PRT is currently out of service at HOS STA, you may catch a bus at the bottom of mountaineer STA, to go to TOW STA and ride the prt from there", 2010 09 15 05
4, "The PRT is currently down.", 2011 06 21 07
1, "The PRT is currently running on a normal schedule.", 2010 09 17 17
5, "The prt is out of service @ Hos, tow, eng and bee, buses will pick up @ the bottom of mtr sta outside of hos, @ the crosswalk by the tennis courts outside of tow, and @ the turnarounds outside of eng and bee", 2012 02 13 07
6, "The PRT is currently down at the Towers station.", 2010 10 19 11
5, "prt out of service at beech. and walnut.", 2012 01 20 08
6, "The PRT is currently down at the Beechurst station.", 2011 03 11 12
5, "The PRT is currently down between Beechurst and Engineering", 2010 09 27 11
5, "The prt is out of service @ hos, tow, eng and bee, busses will pick up @ the bottom of mtr sta outside of hos, the crosswalk by the tennis courts outside of tow, and @ the turnarounds outside of eng and bee", 2012 01 26 09
2, "The PRT is currently down between Engineering and Beechurst.", 2011 12 08 14
5, "The PRT is currently down between Eng, Bee and Wal", 2010 09 10 09
1, "The PRT is currently running on a normal schedule.", 2010 12 16 09
5, "The PRT is out of service at the Health Sciences Center, busses will be picking up at the crosswalk by the tennis courts and dropping off at the bottom of mountaineer STA", 2010 09 16 13
2, "The PRT is currently down between Health Sciences Center and Beechurst.", 2012 02 02 12
5, "The PRT is temporary down between Beechurst  and Walnut Stations", 2010 09 29 13
5, "prt out all stations - busses running all stations", 2011 03 04 13
1, "The PRT is currently running on a normal schedule.", 2011 01 31 14
4, "The PRT is currently down.", 2010 09 17 21
5, "The prt is out opf service @ hos,tow,eng,bee, buses will pick up @ the bottom of mtr sta outside of hos, @ the crosswalk by the tennis courts outside of tow, and @ the turnarounds outside of eng and bee", 2012 02 13 08
5, "The PRT is out of service at this time due to ice", 2012 01 21 09
2, "The PRT is currently down between Engineering and Walnut Street.", 2011 03 14 08
1, "The PRT is currently running on a normal schedule.", 2010 10 19 11
2, "The PRT is currently down between Beechurst and Towers.", 2011 02 15 10
1, "The PRT is currently running on a normal schedule.", 2012 01 26 09
2, "The PRT is currently down between Beechurst and Engineering.", 2011 04 18 12
2, "The PRT is currently down between Engineering and Beechurst.", 2012 01 09 12
4, "The PRT is currently down.", 2010 09 16 21
1, "The PRT is currently running on a normal schedule.", 2012 02 02 13
6, "The PRT is currently down at the Engineering station.", 2012 01 14 09
1, "The PRT is currently running on a normal schedule.", 2011 03 07 09
4, "The PRT is currently down.", 2010 09 18 10
4, "The PRT is currently down.", 2011 02 01 17
1, "The PRT is currently running on a normal schedule.", 2012 01 23 05
5, "the prt is out of service between Beech sta and Walnut sta", 2010 09 29 14
5, "We are currently down between Towers and Beechurst stations.", 2011 04 12 15
1, "The PRT is currently running on a normal schedule.", 2010 11 09 12
6, "The PRT is currently down at the Engineering station.", 2011 02 21 09
1, "The PRT is currently running on a normal schedule.", 2010 09 16 23
1, "The PRT is currently running on a normal schedule.", 2010 10 05 12
1, "The PRT is currently running on a normal schedule.", 2011 03 09 11
6, "The PRT is currently down at the Health Sciences Center station.", 2010 09 18 11
5, "The prt is out of service @ all sta&#039;s, busses will pick up @ the turnarounds outside of eng and bee, @ the crosswaslk by the tennis courts outside of tow, @ the bottom of mtr sta ouside of hos, and @ the corner of walnut and chestnut streets @ wal sta", 2012 02 13 09
1, "The PRT is currently running on a normal schedule.", 2010 08 23 09
2, "The PRT is currently down between Towers and Health Sciences Center.", 2010 10 21 10
5, "The PRT is not operting between Hospital and Towers stations, WVU Buses are operating between Hospital and Towers stations.", 2010 10 05 12
1, "The PRT is currently running on a normal schedule.", 2012 01 30 05
2, "The PRT is currently down between Beechurst and Health Sciences Center.", 2011 04 14 09
6, "The PRT is currently down at the Health Sciences Center station.", 2011 04 25 09
6, "The PRT is currently down at the Beechurst station.", 2011 02 22 13
5, "the PRT is out of service to and from Hosp Station", 2011 01 12 15
2, "The PRT is currently down between Beechurst and Engineering.", 2011 05 17 14
5, "The prt is out of service @ eng and bee, busses are picking up @ the turnarounds outside of eng and bee, and @ the crosswalk by the tennis courts outside of tow", 2012 01 18 12
6, "The PRT is currently down at the Walnut Street station.", 2010 08 18 06
1, "The PRT is currently running on a normal schedule.", 2010 10 06 08
1, "The PRT is currently running on a normal schedule.", 2010 09 18 12
6, "The PRT is currently down at the Beechurst station.", 2010 08 26 09
5, "PRT is out of service med center, towers and engineering.  Service should be up shortly.", 2010 10 13 10
1, "The PRT is currently running on a normal schedule.", 2010 09 03 13
5, "prt out of service all stations, busses picking up all stations.", 2011 04 14 10
1, "The PRT is currently running on a normal schedule.", 2010 12 02 13
1, "The PRT is currently running on a normal schedule.", 2012 02 27 08
2, "The PRT is currently down between Towers and Beechurst.", 2012 02 01 10
1, "The PRT is currently running on a normal schedule.", 2011 01 15 10
1, "The PRT is currently running on a normal schedule.", 2011 01 13 10
1, "The PRT is currently running on a normal schedule.", 2011 05 23 07
1, "The PRT is currently running on a normal schedule.", 2012 02 29 09
6, "The PRT is currently down at the Walnut Street station.", 2010 08 18 06
1, "The PRT is currently running on a normal schedule.", 2011 11 09 13
1, "The PRT is currently running on a normal schedule.", 2012 02 14 17
2, "The PRT is currently down between Engineering and Beechurst.", 2011 04 08 13
6, "The PRT is currently down at the Health Sciences Center station.", 2010 08 27 15
1, "The PRT is currently running on a normal schedule.", 2010 10 21 09
1, "The PRT is currently running on a normal schedule.", 2011 12 01 12
5, "The prt is out of service @ eng,bee, and wal for ice removal, busses will pick up @ the turnarounds outside of bee and eng, and", 2012 01 30 07
1, "The PRT is currently running on a normal schedule.", 2010 09 04 17
1, "The PRT is currently running on a normal schedule.", 2010 09 10 16
2, "The PRT is currently down between Engineering and Beechurst.", 2011 12 09 12
1, "The PRT is currently running on a normal schedule.", 2012 02 02 07
5, "PRT is out of service to and from Beechurst Station and Walstaion buses are running", 2011 05 02 19
1, "The PRT is currently running on a normal schedule.", 2011 03 01 09
1, "The PRT is currently running on a normal schedule.", 2011 01 18 10
2, "The PRT is currently down between Beechurst and Engineering.", 2011 10 19 11
2, "The PRT is currently down between Beechurst and Engineering.", 2011 03 10 14
6, "The PRT is currently down at the Health Sciences Center station.", 2010 08 18 16
2, "The PRT is currently down between Engineering and Beechurst.", 2011 11 11 09
1, "The PRT is currently running on a normal schedule.", 2011 04 08 13
1, "The PRT is currently running on a normal schedule.", 2010 10 25 16
2, "The PRT is currently down between Engineering and Beechurst.", 2010 08 30 10
5, "The PRT is Currently down To and From Beechurst", 2010 11 03 21
6, "The PRT is currently down at the Walnut Street station.", 2011 12 02 10
1, "The PRT is currently running on a normal schedule.", 2010 09 07 08
1, "The PRT is currently running on a normal schedule.", 2010 09 10 16
2, "The PRT is currently down between Health Sciences Center and Beechurst.", 2012 02 02 09
1, "The PRT is currently running on a normal schedule.", 2011 12 09 14
5, "tHE PRT CANNOT OPERATE FROM BEE TO WAL, AND WAL TO BEE, ALL OTHER AREAS ARE OPERATING NORMALLY", 2012 02 27 08
1, "The PRT is currently running on a normal schedule.", 2011 05 02 20
2, "The PRT is currently down between Engineering and Health Sciences Center.", 2011 03 01 14
5, "Closed Sundays", 2012 02 11 17
1, "The PRT is currently running on a normal schedule.", 2012 01 11 09
6, "The PRT is currently down at the Health Sciences Center station.", 2011 03 11 11
5, "the prt is out of service @ bee and eng, busses will pick up @ the turnarounds outside of eng and bee", 2011 10 19 11
1, "The PRT is currently running on a normal schedule.", 2011 01 27 10
4, "The PRT is currently down.", 2012 02 22 14
6, "The PRT is currently down at the Health Sciences Center station.", 2010 08 19 04
1, "The PRT is currently running on a normal schedule.", 2010 08 30 10
5, "Beechurst Sta is down at this time, Also stopping Service to Walnut Sta and from Walnut Station", 2011 07 22 17
2, "The PRT is currently down between Beechurst and Walnut Street.", 2011 11 14 08
1, "The PRT is currently running on a normal schedule.", 2011 02 01 20
2, "The PRT is currently down between Beechurst and Towers.", 2011 04 11 09
1, "The PRT is currently running on a normal schedule.", 2010 10 26 13
1, "The PRT is currently running on a normal schedule.", 2011 12 05 04
1, "The PRT is currently running on a normal schedule.", 2010 09 07 14
1, "The PRT is currently running on a normal schedule.", 2010 12 09 08
1, "The PRT is currently running on a normal schedule.", 2011 12 12 11
1, "The PRT is currently running on a normal schedule.", 2011 05 04 07
5, "the prt is out of service @ eng,bee, and wal buses will pick up @ the turnarounds outside of bee and eng, and @ thge corner of walnut and chestnut streets outside of walnut", 2012 02 27 09
2, "The PRT is currently down between Beechurst and Towers.", 2010 09 13 10
6, "The PRT is currently down at the Health Sciences Center station.", 2010 08 19 15
1, "The PRT is currently running on a normal schedule.", 2012 02 13 07
5, "The prt is out of service @ eng and bee, busses will pick up @ the turnarounds outside of eng and bee", 2011 10 19 13
1, "The PRT is currently running on a normal schedule.", 2011 01 27 10
5, "The PRT is down at Beechurst, Engineering, Towers, and Health Sciences Center.  Busses will be picking up at Beechurst turnaround, Engineering turnaround, Towers crosswalk by the tennis courts and Health Sciences Center below the Mountaineer Station.  ", 2010 09 17 06
2, "The PRT is currently down between Towers and Health Sciences Center.", 2010 10 19 11
6, "The PRT is currently down at the Health Sciences Center station.", 2010 10 27 10
1, "The PRT is currently running on a normal schedule.", 2011 07 22 18
5, "prt is down all stations except for service between beechurst and walnut.", 2011 02 02 11
4, "The PRT is currently down.", 2011 04 11 16
5, "4444465656667778788888898999999999999999999999999999999999A", 2010 08 31 12
1, "The PRT is currently running on a normal schedule.", 2010 09 07 16
2, "The PRT is currently down between Engineering and Beechurst.", 2011 02 16 10
6, "The PRT is currently down at the Walnut Street station.", 2011 04 15 13
5, "The prt is currently out of service @ WAL, busses will pick up by the main road outside of wal", 2011 01 10 09
1, "The PRT is currently running on a normal schedule.", 2012 02 02 12
5, "The prt is out of service at bee and eng, busses will pick up at the turnarounds out side of bee and eng", 2011 01 20 08
1, "The PRT is currently running on a normal schedule.", 2010 09 13 11
1, "The PRT is currently running on a normal schedule.", 2010 09 29 13
1, "The PRT is currently running on a normal schedule.", 2011 10 25 11
5, "the prt is also down to towers sta, buses are running Beech turnaround to tows  and from towers to hosp sta", 2010 09 17 15
2, "The PRT is currently down between Towers and Beechurst.", 2010 10 19 10
2, "The PRT is currently down between Engineering and Walnut Street.", 2010 08 23 08
1, "The PRT is currently running on a normal schedule.", 2010 08 31 12
2, "The PRT is currently down between Engineering and Beechurst.", 2011 02 07 13
6, "The PRT is currently down at the Beechurst station.", 2010 09 20 11
1, "The PRT is currently running on a normal schedule.", 2010 10 28 12
5, "the prt is out of service @ eng, bee, and wal, busses will pick up @ the turnarounds outside of eng and bee, and nut and chestnut streets outside of wal", 2011 12 07 09
5, "The PRT is currently down between Eng and Beechrust", 2010 09 08 12
6, "The PRT is currently down at the Beechurst station.", 2012 01 07 11
2, "The PRT is currently down between Towers and Beechurst.", 2010 09 14 06
1, "The PRT is currently running on a normal schedule.", 2011 01 20 16
5, "The prt is out of service @ eng and bee, busses pick up @ the turnarounds outside of eng and bee", 2012 01 11 12
6, "The PRT is currently down at the Walnut Street station.", 2011 10 28 07
2, "The PRT is currently down between Health Sciences Center and Beechurst.", 2011 01 31 12
1, "The PRT is currently running on a normal schedule.", 2010 09 17 16
5, "The PRT is currently down from ENG station going to Bee and WAL", 2010 08 23 09
1, "The PRT is currently running on a normal schedule.", 2011 11 30 10
5, "prt is out of service south bound enrineering to beechurst and walnut", 2011 02 10 12
1, "The PRT is currently running on a normal schedule.", 2010 09 20 15
2, "The PRT is currently down between Engineering and Beechurst.", 2010 11 09 12
1, "The PRT is currently running on a normal schedule.", 2010 09 02 12
5, "The prt is out of serv ice @ wal, bee, eng, and tow, busses will pick uo @ the turnarounds outside of eng and bee, @ the crosswalk by the tennis courts outside of tow, and @ the corner of wal and chestnut streets", 2012 01 25 09
5, "The prt is out of service @ eng,bee, and wal, busses will be picking up @ the corner of walnut and chestnutstreets outside of wal, and @ the turnarounds outside of bee and eng", 2011 12 07 13
1, "The PRT is currently running on a normal schedule.", 2011 01 11 08
1, "The PRT is currently running on a normal schedule.", 2012 01 09 05
5, "The prt is currently out of service @ Eng, tow, and hos, busses pick up at the bottom of mtr sta @ hos, at the crosswalk by the tennis courts at tow, and at the turnarounds outside of tow sta", 2011 01 24 12
1, "The PRT is currently running on a normal schedule.", 2010 09 14 19
1, "The PRT is currently running on a normal schedule.", 2012 01 12 05
1, "The PRT is currently running on a normal schedule.", 2011 10 28 11
4, "The PRT is currently down.", 2011 01 31 12
1, "The PRT is currently running on a normal schedule.", 2011 06 09 13
2, "The PRT is currently down between Beechurst and Health Sciences Center.", 2010 09 17 17
1, "The PRT is currently running on a normal schedule.", 2010 10 22 17
5, "PRT is out of service between Beechurst and engineering- bus support is available between those stations - walnut to beechurst is still running- walnut is running to all stations", 2010 09 24 09
4, "The PRT is currently down.", 2010 09 02 18
1, "The PRT is currently running on a normal schedule.", 2012 01 25 10
5, "prt is out of service @eng. station running south to beechurst and walnut", 2011 01 21 08
6, "The PRT is currently down at the Beechurst station.", 2012 02 27 08
1, "The PRT is currently running on a normal schedule.", 2010 09 09 18
1, "The PRT is currently running on a normal schedule.", 2011 02 10 12
1, "The PRT is currently running on a normal schedule.", 2011 01 26 11
1, "The PRT is currently running on a normal schedule.", 2011 05 17 14
5, "The PRT is currently out of service to and from Health Sciences Center. Busses will be picking up at Towers crosswalk by the tennis courts and below the Mountaineer Station at Health Sciences Center", 2010 09 15 06
6, "The PRT is currently down at the Walnut Street station.", 2010 08 18 06
5, "PRT system is out of service to and from Health sciences center. Buses are running by the tennis court and cross walk next to towers to take people to Health Sciences", 2010 09 17 17
4, "The PRT is currently down.", 2010 08 26 09
5, "The prt is temporarily out of service from tow sta to bee,wal, and eng stations", 2010 12 02 07
4, "The PRT is currently down.", 2010 09 04 17
5, "The PRT is currently down between Towers, Engineering, and Beechurst.  Buses are running Towers, Engineering, and Beechurst Stations.", 2010 09 10 10
5, "The prt is out of service @ all sta&#039;s, busses will pick up @ the bottom of mtr sta outside of hos, @ the crosswalk by the tennis courts outside of tow, @ the turnarounds outside of eng and bee, and @ the corner of walnut and chestnut streets outsideof wal", 2012 01 26 09
1, "The PRT is currently running on a normal schedule.", 2011 01 22 17
2, "The PRT is currently down between Engineering and Walnut Street.", 2010 11 09 11
5, "The prt is completely out of service, busses are picking up at tne corner of wal and chestnut streets, at the turnarounds outside of eng and bee, at the crosswalk by the tennis courts outside of tow, at the bottom of mtr sta outside of hos", 2011 04 25 09
2, "The PRT is currently down between Walnut Street and Beechurst.", 2012 02 27 08
2, "The PRT is currently down between Engineering and Beechurst.", 2011 01 18 12
5, "the prt is out of servive @ tow, eng, bee, and wal, busses will pick up @ the crosswalk by the tennis courts outside opf tow, the turnarounds outside of eng and bee, and @ the corner of walnut and chestnut streets outside of wal", 2012 01 09 11
5, "due to weather conditions the prt is falling in and out of service, bus support is available at all stations.", 2010 12 16 12
2, "The PRT is currently down between Engineering and Beechurst.", 2011 05 23 07
5, "The PRT is down between Towers and Medical Stations, also down between Walnut and Beechurst Stations. Buses are running currently between Medical and Towers stations.", 2010 09 16 14
6, "The PRT is currently down at the Engineering station.", 2012 01 13 09
6, "The PRT is currently down at the Health Sciences Center station.", 2010 09 17 21
5, "The prt is out of service troughout the system, busses sre picking up @ the bottom of mtr sta outside of hos, @ the crosswalk by the tennis courts outside of tow, and @ the turnarounds outside of eng and bee, and @ the corner of walnut and chestnut street", 2011 11 09 13
5, "prt out of service all stations/ busses are running at all stations.", 2011 02 01 14
2, "The PRT is currently down between Engineering and Walnut Street.", 2010 08 30 09
1, "The PRT is currently running on a normal schedule.", 2012 01 21 11
1, "The PRT is currently running on a normal schedule.", 2010 09 04 17
5, "beechurst out of service busses running", 2012 01 27 08
5, "prt is down to Beech Sta and Wal Sta from towers , Hosp and Eng stations", 2010 11 16 16
6, "The PRT is currently down at the Towers station.", 2012 02 28 07
1, "The PRT is currently running on a normal schedule.", 2012 02 27 08
1, "The PRT is currently running on a normal schedule.", 2010 09 10 16
1, "The PRT is currently running on a normal schedule.", 2012 01 31 11
6, "The PRT is currently down at the Health Sciences Center station.", 2010 09 16 21
1, "The PRT is currently running on a normal schedule.", 2011 02 21 15
1, "The PRT is currently running on a normal schedule.", 2011 01 10 14
1, "The PRT is currently running on a normal schedule.", 2011 01 27 10
5, "prt is out from hosp., towers and eng.running to beech. and walnut", 2012 02 03 07
1, "The PRT is currently running on a normal schedule.", 2012 02 21 10
5, "Due to technical reasons, our concourse display signs are not working, however the PRT is running on a normal schedule", 2011 07 11 07
5, "The PRT is currently down at all stations to reboot computers, estimated time in service is 10 minutes", 2010 09 18 10
1, "The PRT is currently running on a normal schedule.", 2010 08 30 06
5, "The PRT is Currenty Out of Service.", 2012 01 23 14
1, "The PRT is currently running on a normal schedule.", 2011 03 18 14
1, "The PRT is currently running on a normal schedule.", 2011 12 02 11
1, "The PRT is currently running on a normal schedule.", 2010 09 29 15
5, "the prt is down to Beech Sta  and Wal Sta", 2010 09 07 13
1, "The PRT is currently running on a normal schedule.", 2010 09 10 16
1, "The PRT is currently running on a normal schedule.", 2012 02 27 08
5, "The prt is out of service, busses are picking up at the bottom of mtr sta at hos, the crosswalk by the tennis courts at tow, and at the turnarounds outside of eng and bee and at the cornere of walnut and chestnut streets outside of wal", 2011 01 19 11
2, "The PRT is currently down between Towers and Engineering.", 2011 01 12 12
6, "The PRT is currently down at the Walnut Street station.", 2012 01 11 10
1, "The PRT is currently running on a normal schedule.", 2011 02 22 14
2, "The PRT is currently down between Engineering and Beechurst.", 2011 01 27 10
6, "The PRT is currently down at the Health Sciences Center station.", 2010 09 16 23
1, "The PRT is currently running on a normal schedule.", 2012 02 03 11
5, "The PRT out of service between Hospital station to Beechurst station. Buses are operating between these stations", 2010 10 05 12
1, "The PRT is currently running on a normal schedule.", 2011 07 22 18
5, "PRT is closed at Health Sciences Center / busses are picking up at Towers Crosswalk by Tennis courts and dropping off at mount. station Med. center hill", 2010 09 18 11
2, "The PRT is currently down between Health Sciences Center and Walnut Street.", 2011 02 02 11
2, "The PRT is currently down between Engineering and Beechurst.", 2011 02 15 13
2, "The PRT is currently down between Engineering and Beechurst.", 2010 10 11 10
1, "The PRT is currently running on a normal schedule.", 2010 09 07 15
1, "The PRT is currently running on a normal schedule.", 2010 09 13 10
1, "The PRT is currently running on a normal schedule.", 2011 02 22 08
5, "The PRT is down at Health Sciences busses are picking up at Towers crosswalk by the tennis courts and below the Mountaineer Station", 2010 09 17 12
2, "The PRT is currently down between Towers and Beechurst.", 2011 01 27 11
4, "The PRT is currently down.", 2012 02 03 13
5, "The PRT is out of service at the Towers, ENG HOS and BEE stations, The busses will pick up at HOS STA at the bottom of Mountaineer STA, the busses will pick up at the crosswalk by the tennis courts, and at the turnarounds at BEE and ENG", 2010 10 06 07
5, "The prt is out of service @ hos, tow, eng and bee, busses pick up @ the bottom of mtr sta outside of hos, @ the crosswalk by the tennis courts outside of tow, and @ the turnarounds outside of eng and bee", 2012 01 18 12
2, "The PRT is currently down between Engineering and Beechurst.", 2011 03 10 08
5, "prt is out of service between beechurst and engineering, busses are running between those two stations.", 2011 07 23 09
2, "The PRT is currently down between Engineering and Beechurst.", 2010 09 18 16
1, "The PRT is currently running on a normal schedule.", 2012 02 14 07
5, "prt out of service all stations - busses picking up all stations", 2011 04 07 09
1, "The PRT is currently running on a normal schedule.", 2010 10 13 10
2, "The PRT is currently down between Health Sciences Center and Beechurst.", 2011 02 16 10
1, "The PRT is currently running on a normal schedule.", 2011 02 02 12
1, "The PRT is currently running on a normal schedule.", 2010 12 02 13
5, "The PRT is currently out of service to and from Health Sciences Center.  Busses will be picking up at Towers crosswalk by the tennis courts and below the Mountaineer Station for Health Sciences Center.", 2010 09 14 06
1, "The PRT is currently running on a normal schedule.", 2012 02 01 10
1, "The PRT is currently running on a normal schedule.", 2011 01 13 14
6, "The PRT is currently down at the Health Sciences Center station.", 2011 01 31 07
1, "The PRT is currently running on a normal schedule.", 2010 09 17 15
2, "The PRT is currently down between Engineering and Beechurst.", 2011 10 15 15
5, "The prt is out of service @ eng and bee, busses will pick up @ the crosswalk by the tennis courts outside of tow, and @ the turnaroundsz outside of eng and bee", 2012 02 07 08
6, "The PRT is currently down at the Walnut Street station.", 2010 08 18 06
5, "The prt is out of service @wal, bee, and eng sta&#039;s, busses pick up at the turnarounds outside of ang and bee, and @ the corner of walnut and chestnut streets", 2011 03 10 09
4, "The PRT is currently down.", 2010 10 14 16
1, "The PRT is currently running on a normal schedule.", 2010 09 20 11
5, "The PRT is currently running on a normal schedule.", 2010 10 25 16
5, "The prt is out of service due to weather conditions, busses will pick up @ all stations", 2011 02 22 06
5, "The PRT is out of service temporarily between Towers and Beechurst stations.", 2011 04 14 15
1, "The PRT is currently running on a normal schedule.", 2010 12 06 12
1, "The PRT is currently running on a normal schedule.", 2010 09 14 06
1, "The PRT is currently running on a normal schedule.", 2011 05 02 19
2, "The PRT is currently down between Engineering and Health Sciences Center.", 2011 03 01 13
5, "The Prt is out of service to and from Hosptial/Medical Station Buses are running from Below mountineer Sta  to tennis courts at Towers Sta", 2010 09 17 16
5, "The prt is out of service @ ENG and BEE, busses are picking up", 2011 10 19 11
1, "The PRT is currently running on a normal schedule.", 2012 02 22 09
5, "the3 prt is out of service @ tow, eng, and hos, busses are picking up @ the bottom of mtr sta outside of hos, and @ the crosswalk by the tennis courts outside of tow, and @ the turnaround outside of eng", 2012 01 18 13
1, "The PRT is currently running on a normal schedule.", 2011 03 10 14
6, "The PRT is currently down at the Health Sciences Center station.", 2010 08 18 18
5, "PRT is out of service between towers, engineering and beechurst. busses are picking up and dropping off at those locations", 2010 09 24 08
1, "The PRT is currently running on a normal schedule.", 2012 02 17 11
5, "the prt is down to and from beech sta", 2010 11 03 22
2, "The PRT is currently down between Engineering and Beechurst.", 2012 01 31 07
1, "The PRT is currently running on a normal schedule.", 2011 04 14 16
5, "The prt will be out of service @ wal sta, busses will pick up @ the corner of walnut and chestnut streets, and @ the turnaround outside of bee sta", 2011 02 09 06
4, "The PRT is currently down.", 2010 12 09 07
5, "prt is out of service at beechurst and walnut", 2011 05 04 06
5, "The prt is out of service @ bee and eng, busses are picking up @ the turnarounds outside of eng and bee", 2012 01 12 09
6, "The PRT is currently down at the Health Sciences Center station.", 2010 09 17 17
1, "The PRT is currently running on a normal schedule.", 2011 10 19 11
1, "The PRT is currently running on a normal schedule.", 2010 08 19 09
1, "The PRT is currently running on a normal schedule.", 2012 02 22 15
1, "The PRT is currently running on a normal schedule.", 2010 10 19 11
1, "The PRT is currently running on a normal schedule.", 2010 09 24 10
5, "The prt is out of service, busses will pick up @ the botom of mtr sta, and @ the crosswalk by the tennis courts out side of tow, and @ the turnarounds outside of eng and bee, and @ the corner of walnut and chestnut streets outside of wal", 2011 11 14 08
1, "The PRT is currently running on a normal schedule.", 2011 04 11 10
5, "PRT is currently down between Towers and Beechurst", 2010 08 30 12
1, "The PRT is currently running on a normal schedule.", 2010 11 05 13
5, "The prt is out of service @ eng and bee busses will pick up @ the turnarounds outside of bee and eng", 2012 01 31 08
6, "The PRT is currently down at the Health Sciences Center station.", 2011 04 15 12
6, "The PRT is currently down at the Engineering station.", 2011 02 10 08
5, "The prt is temporarily out of service to reboot computers, estimated time will be 10 minutes", 2010 12 16 09
1, "The PRT is currently running on a normal schedule.", 2012 02 02 10
1, "The PRT is currently running on a normal schedule.", 2012 02 27 10
1, "The PRT is currently running on a normal schedule.", 2011 10 19 14
1, "The PRT is currently running on a normal schedule.", 2012 01 20 08
1, "The PRT is currently running on a normal schedule.", 2010 10 19 11
6, "The PRT is currently down at the Health Sciences Center station.", 2010 08 20 06
2, "The PRT is currently down between Engineering and Beechurst.", 2010 09 29 12
6, "The PRT is currently down at the Health Sciences Center station.", 2011 04 11 16
1, "The PRT is currently running on a normal schedule.", 2010 08 31 12
6, "The PRT is currently down at the Health Sciences Center station.", 2011 01 22 15
5, "The prt is currently out of service between ENG and BEE STA", 2010 09 08 10
5, "the prt is out of service @ tow, eng, bee, and wal, busses will be picking up @ the crosswalk by the tennis courts, @ the turnarounds outside of eng and bee, and @ the corneer of walnut and chestnut streets", 2011 12 07 09
1, "The PRT is currently running on a normal schedule.", 2011 04 15 13
5, "The prt is out of service @ TOW,ENG,BEE, and WAL, the3 busses pick up at tow at the crosswalk by the tennis courts, at the turnarounds at bee and eng and by the main road at wal", 2011 01 10 07
5, "prt is down at beechurst station. walnut to beechurst is still running", 2011 02 18 09
6, "The PRT is currently down at the Walnut Street station.", 2011 03 07 09
1, "The PRT is currently running on a normal schedule.", 2011 01 20 08
1, "The PRT is currently running on a normal schedule.", 2010 09 29 08
4, "The PRT is currently down.", 2011 06 09 08
6, "The PRT is currently down at the Health Sciences Center station.", 2011 03 18 14
1, "The PRT is currently running on a normal schedule.", 2010 08 23 08
1, "The PRT is currently running on a normal schedule.", 2010 09 29 12
5, "Bee sta is out of service, busses are running from wal to bee to eng and back, the busses pick up @ the turnarounds outside of bee and eng, and @ the corner of walnut and chestnut streets", 2011 07 25 06
6, "The PRT is currently down at the Health Sciences Center station.", 2011 11 30 09
5, "The prt is currently out of service between BEE sta to TOW sta, busses pick up at the crosswalk by the tennis courts at TOW sta, and at the turn arounds at BEE and ENG", 2010 10 28 12
4, "The PRT is currently down.", 2010 08 31 16
1, "The PRT is currently running on a normal schedule.", 2010 09 08 12
1, "The PRT is currently running on a normal schedule.", 2011 02 21 09
6, "The PRT is currently down at the Walnut Street station.", 2011 01 10 15
2, "The PRT is currently down between Engineering and Health Sciences Center.", 2011 01 24 12
2, "The PRT is currently down between Beechurst and Health Sciences Center.", 2011 03 09 11
1, "The PRT is currently running on a normal schedule.", 2010 10 01 13
1, "The PRT is currently running on a normal schedule.", 2011 06 09 13
1, "The PRT is currently running on a normal schedule.", 2011 10 28 07
5, "The prt is temporarily out of service from HOS to BEE, busses pick up at the bottom of mtr sta outside of hos, at the crosswalk by the tennis courts outside of tow, and at the turnarounds outside of eng and bee", 2011 01 31 12
1, "The PRT is currently running on a normal schedule.", 2010 10 21 11
5, "The prt is currently down from Engineering to towers and hospital stations", 2010 08 23 09
6, "The PRT is currently down at the Health Sciences Center station.", 2011 11 30 10
2, "The PRT is currently down between Engineering and Health Sciences Center.", 2011 04 14 09
1, "The PRT is currently running on a normal schedule.", 2010 09 02 12
1, "The PRT is currently running on a normal schedule.", 2010 11 18 07
1, "The PRT is currently running on a normal schedule.", 2011 04 20 19
5, "The prt is currently out of service@Tow,Eng, and Bee, Towis able to get to ENG sta, and busses are picking up at the crosswalk by the tennis courts outside of tow, and at the turnarounds outside of eng and bee", 2011 01 12 12
1, "The PRT is currently running on a normal schedule.", 2010 09 08 16
2, "The PRT is currently down between Towers and Beechurst.", 2011 01 12 12
6, "The PRT is currently down at the Walnut Street station.", 2012 01 09 06
2, "The PRT is currently down between Engineering and Beechurst.", 2012 02 03 13
6, "The PRT is currently down at the Health Sciences Center station.", 2010 09 15 05
1, "The PRT is currently running on a normal schedule.", 2011 01 24 12
1, "The PRT is currently running on a normal schedule.", 2010 08 17 07
1, "The PRT is currently running on a normal schedule.", 2010 08 26 08
2, "The PRT is currently down between Health Sciences Center and Beechurst.", 2012 02 14 06
5, "The prt is out of service @ tow,eng, and bee, busses are picking up @ the crosswalk by the tennis courts, and @ the turnarounds outside of eng and bee", 2011 11 02 09
1, "The PRT is currently running on a normal schedule.", 2011 06 21 07
1, "The PRT is currently running on a normal schedule.", 2011 04 01 12
4, "The PRT is currently down.", 2010 10 22 17
1, "The PRT is currently running on a normal schedule.", 2011 02 15 09
1, "The PRT is currently running on a normal schedule.", 2010 11 30 09
1, "The PRT is currently running on a normal schedule.", 2010 09 02 18
5, "The PRT is currrently down between Eng, Bee and Wal", 2010 09 10 09
6, "The PRT is currently down at the Walnut Street station.", 2010 08 18 06
5, "closed on sundays open 06", 2012 02 04 17
5, "The prt is out of service @ bee,eng, and wal, busses will pick up @ the turnarounds outside of bee and eng and @ at the corner of walnut and chestnut streets outside of wal sta", 2011 05 23 06
5, "The PRT is curretly out of service at BEE STA to WAL STA and out of service at HOS STA, Busses at TOW will pick up at the crosswalk by the tennis courts and drop off at the bottom of mountaineer STA at HOS", 2010 09 16 13
5, "wvu will be closed as well as the PRT at 4", 2011 01 26 14
1, "The PRT is currently running on a normal schedule.", 2011 03 10 08
6, "The PRT is currently down at the Walnut Street station.", 2010 10 07 07
2, "The PRT is currently down between Engineering and Beechurst.", 2012 01 13 08
4, "The PRT is currently down.", 2012 02 14 17
2, "The PRT is currently down between Health Sciences Center and Beechurst.", 2010 09 17 20
2, "The PRT is currently down between Engineering and Beechurst.", 2011 01 31 14
1, "The PRT is currently running on a normal schedule.", 2010 09 04 17
1, "The PRT is currently running on a normal schedule.", 2011 12 08 14
1, "The PRT is currently running on a normal schedule.", 2012 02 27 08
1, "The PRT is currently running on a normal schedule.", 2011 04 25 11
1, "The PRT is currently running on a normal schedule.", 2010 09 10 10
2, "The PRT is currently down between Engineering and Beechurst.", 2011 01 18 10
1, "The PRT is currently running on a normal schedule.", 2012 01 09 11
5, "The PRT is down between Medical Center and Towers Stations. Buses are running between Med Center and Towers Stations at this time.", 2010 09 16 14
1, "The PRT is currently running on a normal schedule.", 2010 08 18 07
1, "The PRT is currently running on a normal schedule.", 2010 08 30 09
1, "The PRT is currently running on a normal schedule.", 2011 02 01 14
1, "The PRT is currently running on a normal schedule.", 2012 02 17 07
1, "The PRT is currently running on a normal schedule.", 2011 06 27 12
1, "The PRT is currently running on a normal schedule.", 2012 01 13 09
1, "The PRT is currently running on a normal schedule.", 2011 11 09 13
1, "The PRT is currently running on a normal schedule.", 2010 09 18 01
1, "The PRT is currently running on a normal schedule.", 2011 04 08 13
5, "The PRT system is down at medical station.", 2010 10 25 16
1, "The PRT is currently running on a normal schedule.", 2011 12 02 09
5, "The prt is out of service @ HOS,TOW,ENG,BEE, busses pick up @ the bottom of mtr sta outside of hos, at the turnarounds outside of bee and eng, and at the crosswalk by the tennis courts outside of tow", 2011 02 15 10
4, "The PRT is currently down.", 2011 04 14 15
2, "The PRT is currently down between Engineering and Beechurst.", 2010 09 07 08
1, "The PRT is currently running on a normal schedule.", 2012 02 28 07
1, "The PRT is currently running on a normal schedule.", 2010 09 10 16
6, "The PRT is currently down at the Health Sciences Center station.", 2010 08 18 21
5, "The prt is out of service @ ENG and BEE, busses are picking up", 2011 10 19 11
2, "The PRT is currently down between Beechurst and Towers.", 2012 02 22 14
6, "The PRT is currently down at the Engineering station.", 2012 01 11 09
1, "The PRT is currently running on a normal schedule.", 2012 02 07 17
6, "The PRT is currently down at the Walnut Street station.", 2011 05 26 09
4, "The PRT is currently down.", 2010 09 16 23
4, "The PRT is currently down.", 2010 10 18 18
5, "prt closed sunday and monday. open 6", 2012 01 14 17
5, "closed Sunday&#039;s", 2012 02 18 16
1, "The PRT is currently running on a normal schedule.", 2011 11 11 10
1, "The PRT is currently running on a normal schedule.", 2010 09 18 10
2, "The PRT is currently down between Beechurst and Towers.", 2010 08 30 10
1, "The PRT is currently running on a normal schedule.", 2012 01 23 15
4, "The PRT is currently down.", 2011 12 03 11
5, "The PRT is out of service between Hospital, Towers, Engineering, and Beechurst stations, buses are operating between these stations.", 2010 10 05 12
5, "The PRT is down at Beechust Station, buses are operating between Engineering and Beechurst Stations.", 2010 09 07 14
1, "The PRT is currently running on a normal schedule.", 2010 04 05 06
1, "The PRT is currently running on a normal schedule.", 2010 07 22 08
6, "The PRT is currently down at the Engineering station.", 2010 04 05 07
4, "The PRT is currently down.", 2010 04 12 15
1, "The PRT is currently running on a normal schedule.", 2010 06 09 07
4, "The PRT is currently down.", 2010 08 06 18
4, "The PRT is currently down.", 2010 04 12 17
6, "The PRT is currently down at the Engineering station.", 2010 05 17 08
5, "Out Of Service", 2010 08 06 18
1, "The PRT is currently running on a normal schedule.", 2010 04 12 19
1, "The PRT is currently running on a normal schedule.", 2010 08 16 05
2, "The PRT is currently down between Engineering and Beechurst.", 2010 04 23 16
6, "The PRT is currently down at the Health Sciences Center station.", 2010 05 25 16
5, "bus spprt frm beech. eng. and towers", 2010 04 30 06
1, "The PRT is currently running on a normal schedule.", 2010 07 06 13
4, "The PRT is currently down.", 2010 07 09 17
1, "The PRT is currently running on a normal schedule.", 2010 07 14 17
4, "The PRT is currently down.", 2010 08 06 18
5, "closed  semester break", 2010 05 08 17
7, "The PRT is not running because of the holiday.", 2010 08 06 18
1, "The PRT is currently running on a normal schedule.", 2010 06 23 11
4, "The PRT is currently down.", 2010 08 06 18
6, "The PRT is currently down at the Health Sciences Center station.", 2010 06 24 13
6, "The PRT is currently down at the Walnut Street station.", 2010 08 17 06
1, "The PRT is currently running on a normal schedule.", 2010 04 12 18
6, "The PRT is currently down at the Health Sciences Center station.", 2010 04 21 10
6, "The PRT is currently down at the Engineering station.", 2010 05 24 07
2, "The PRT is currently down between Beechurst and Engineering.", 2010 04 30 06
4, "The PRT is currently down.", 2010 06 03 13
4, "The PRT is currently down.", 2010 07 06 14
4, "The PRT is currently down.", 2010 05 05 11
6, "The PRT is currently down at the Beechurst station.", 2010 06 04 09
1, "The PRT is currently running on a normal schedule.", 2010 07 09 17
5, "the prt is currently down at ENG to tow and HOS and HOS and TOW to ENG", 2010 04 05 06
4, "The PRT is currently down.", 2010 05 06 18
1, "The PRT is currently running on a normal schedule.", 2010 06 04 13
2, "The PRT is currently down between Engineering and Beechurst.", 2010 07 22 08
1, "The PRT is currently running on a normal schedule.", 2010 04 05 07
2, "The PRT is currently down between Engineering and Walnut Street.", 2010 05 07 10
4, "The PRT is currently down.", 2010 08 06 18
1, "The PRT is currently running on a normal schedule.", 2010 06 09 13
4, "The PRT is currently down.", 2010 08 06 18
6, "The PRT is currently down at the Engineering station.", 2010 06 23 12
5, "PRT Closed Aug 7 thru Aug 15", 2010 08 09 08
1, "The PRT is currently running on a normal schedule.", 2010 04 21 10
1, "The PRT is currently running on a normal schedule.", 2010 06 24 14
1, "The PRT is currently running on a normal schedule.", 2010 04 23 18
6, "The PRT is currently down at the Walnut Street station.", 2010 05 27 11
6, "The PRT is currently down at the Health Sciences Center station.", 2010 07 06 13
1, "The PRT is currently running on a normal schedule.", 2010 06 04 10
5, "The prt is not operating from bee to wal and wal to bee all other areas are operating normally, busses will pick up @ the turnround outside of bee and @ the corner of walnut and chestnut streets outside of wal", 2012 02 27 09
5, "The prt caN NOPT CURRENTLY GET FROM WAL TO BEE AND BEE TO WAL, ALL OTHER AREAS ARE OPERATING NORMALLY", 2012 02 27 08
1, "The PRT is currently running on a normal schedule.", 2012 02 27 08
6, "The PRT is currently down at the Beechurst station.", 2012 02 27 08
1, "The PRT is currently running on a normal schedule.", 2012 02 27 05
5, "Closed Sunday&#039;s", 2012 02 25 16
1, "The PRT is currently running on a normal schedule.", 2012 02 24 10
4, "The PRT is currently down.", 2012 02 24 09
2, "The PRT is currently down between Beechurst and Walnut Street.", 2012 02 22 08
2, "The PRT is currently down between Beechurst and Engineering.", 2012 02 21 09
1, "The PRT is currently running on a normal schedule.", 2012 02 20 06
6, "The PRT is currently down at the Walnut Street station.", 2012 02 17 11
6, "The PRT is currently down at the Beechurst station.", 2012 02 17 07
5, "The prt is out of service @ Hos,Bee,Tow,and Eng, buses will pick up @ the bottom of mtr sta outside of hos, @ the crosswalk by the tennis couts outside of tow, and @ the turnarounds outside of eng and bee", 2012 02 14 06
1, "The PRT is currently running on a normal schedule.", 2012 02 13 09
5, "The prt is out of service @ hos, tow, eng , and bee, busses will pick up @ the turnaround outside of eng and bee, @ the crosswalk by the tennis courts outside of tow, and @ the bottom of mtr sta ouside of hos", 2012 02 13 09
1, "The PRT is currently running on a normal schedule.", 2012 02 13 09
5, "the prt is out of service @ bee, buses will pick up @ the turnarounds outside of eng and bee", 2012 02 13 09
5, "the prt is out of service @ bee and wal, buses will pick up @ the corner of walnut and chestnut streets outside of walnut and @ the turnarounds outside of bee and eng", 2012 02 13 09
1, "The PRT is currently running on a normal schedule.", 2012 02 13 08
2, "The PRT is currently down between Towers and Health Sciences Center.", 2012 02 13 08
1, "The PRT is currently running on a normal schedule.", 2012 02 13 05
2, "The PRT is currently down between Beechurst and Engineering.", 2012 02 07 17
1, "The PRT is currently running on a normal schedule.", 2012 02 07 09
5, "the prt is out of service @ eng and bee, busses will pic up @ the turnarounds outside of eng and bee", 2012 02 07 08
1, "The PRT is currently running on a normal schedule.", 2012 02 06 06
1, "The PRT is currently running on a normal schedule.", 2012 02 03 13
5, "prt is out of service at walnut and beechurst", 2012 02 03 11
1, "The PRT is currently running on a normal schedule.", 2012 02 03 07
6, "The PRT is currently down at the Beechurst station.", 2012 02 02 12
2, "The PRT is currently down between Beechurst and Engineering.", 2012 02 02 10
4, "The PRT is currently down.", 2012 02 02 10
1, "The PRT is currently running on a normal schedule.", 2012 02 02 09
4, "The PRT is currently down.", 2012 02 02 09
1, "The PRT is currently running on a normal schedule.", 2012 02 02 07
2, "The PRT is currently down between Engineering and Beechurst.", 2012 02 02 07
1, "The PRT is currently running on a normal schedule.", 2012 01 31 20
2, "The PRT is currently down between Engineering and Beechurst.", 2012 01 31 19
5, "The PRT is down between beechurst and engineering buses are running", 2012 01 31 19
1, "The PRT is currently running on a normal schedule.", 2012 01 31 13
5, "The prt is out of service @ all sta&#039;s, busses will pick up @ the bottom of mtr sta outside of hos, @ the crosswalk by the tennis courts outside of tow, and @ the turnarounds outside of bee and eng, and @ the corner of walnut and chestnut streets", 2012 01 31 13
5, "The prt is out of service @hos,tow,eng,and bee, busses wil;l be picking up @ the turnarounds outside of eng and bee, and @ the bottom of nmtr sta outside of hos, and @ the crosswalk by the tyenniscourts outside of tow", 2012 01 31 13
5, "The prt is out of service @ eng and bee, busses will pick up @ the turnarounds outside of eng and bee", 2012 01 31 12
5, "The prt is out of service @ eng,bee,and wal, busses will pick up @ the turnarounds outside of bee and eng and @ the corner of walnut and chestnut streets", 2012 01 31 11
1, "The PRT is currently running on a normal schedule.", 2012 01 31 09
2, "The PRT is currently down between Engineering and Walnut Street.", 2012 01 31 09
1, "The PRT is currently running on a normal schedule.", 2012 01 31 08
2, "The PRT is currently down between Engineering and Beechurst.", 2012 01 31 08
1, "The PRT is currently running on a normal schedule.", 2012 01 31 07
1, "The PRT is currently running on a normal schedule.", 2012 01 30 07
5, "The prt is out of service @ bee, eng, and wal, busses will pick up @ the turnarounds outside of bee and eng, and the corner of walnut and chestnut streets", 2012 01 30 07
1, "The PRT is currently running on a normal schedule.", 2012 01 30 07
5, "The prt is out of service temporarily for computer reboot", 2012 01 30 06
2, "The PRT is currently down between Health Sciences Center and Beechurst.", 2012 01 30 06
5, "Closed Sunday&#039;s", 2012 01 28 16
1, "The PRT is currently running on a normal schedule.", 2012 01 27 10
2, "The PRT is currently down between Health Sciences Center and Engineering.", 2012 01 27 10
1, "The PRT is currently running on a normal schedule.", 2012 01 27 08
5, "the prt is out of service @tow,hos,eng and bee. busses will pick up @ the turnarounds outside of eng and bee, @ the crosswalk by the tennis courts outside of tow, and @ the bottom of mtr sta outside of hos", 2012 01 26 09
5, "The prt is out of service @ eng and bee, busses will pick up @ the turnarounds outside of eng and bee", 2012 01 26 08
5, "The prt is out of service @ wal, busses are picking up @ the corner of walnut and chestnut streets, and @ the turnaround outside of bee", 2012 01 25 10
1, "The PRT is currently running on a normal schedule.", 2012 01 25 10
1, "The PRT is currently running on a normal schedule.", 2012 01 25 09
5, "the prt is out of service @ bee,eng,tow, and hos, busses will pick up @ the bottom of mtr sta outside of hos, @ the ctrosswalk by the tennis courts outside of tow, and @ the turnarounds outside of eng and bee", 2012 01 25 09
1, "The PRT is currently running on a normal schedule.", 2012 01 24 13
5, "The prt is out of service @ Hos Sta, busses will be picking up @ the bottom of mtr sta, and @ the crosswalk by the tennis courts outside of tow sta", 2012 01 24 13
5, "The prt is out of service @ Hos, Tow, Eng, and BNee, busses will pick up @ the bottom of mtr sta outside of hos, @ the crosswalk by the tenniscourts outside of tow, and /2 the turnarounds outside of eng and bee", 2012 01 24 13
1, "The PRT is currently running on a normal schedule.", 2012 01 23 15
1, "The PRT is currently running on a normal schedule.", 2012 01 23 15
5, "closed sundays", 2012 01 21 18
1, "The PRT is currently running on a normal schedule.", 2012 01 20 08
1, "The PRT is currently running on a normal schedule.", 2012 01 20 06
1, "The PRT is currently running on a normal schedule.", 2012 01 18 13
5, "The prt is out of service @ hos, tow, bee busses will pick up @ the bottom  of mntr sta outside of hos, @ the crosswalk by the tennis courts outside of tow, and @ the turnarounds outside of eng and bee", 2012 01 18 13
1, "The PRT is currently running on a normal schedule.", 2012 01 18 13
5, "The prt is out of service @ eng going to tow and hos, busses are picking up @ the crosswalk by the tennis courts outside of tow, and @ the turnaround outside of eng", 2012 01 18 13
5, "The prt is out of service @eng sta, busses arew picking up @ the crosswalk by the tennis courts outside of tow, and @ the turnarounds outside of eng and bee", 2012 01 18 13
1, "The PRT is currently running on a normal schedule.", 2012 01 18 12
6, "The PRT is currently down at the Engineering station.", 2012 01 18 12
1, "The PRT is currently running on a normal schedule.", 2012 01 17 04
1, "The PRT is currently running on a normal schedule.", 2012 01 14 10
1, "The PRT is currently running on a normal schedule.", 2012 01 13 08
1, "The PRT is currently running on a normal schedule.", 2012 01 12 09
5, "The prt is out of service @ tow, eng, and bee, busses will pick up @ the crosswalk by the tennis courts outside of tow, and @ the turnarounmds outside of bee and eng", 2012 01 12 09
5, "Thge prt is out of service @ all stas, busses will pick up @ the turnarounds outside of eng and bee, @ the crosswalk outside of tow sta, @ the bottom of mtr sta outside of hos, and @ the corner of walnut and chestnut streets outside of wal", 2012 01 11 12
5, "the prt is out of service @ tow, hos, eng, and bee, busses will pick up @ the bottom of mtr sta outside of hos, @ the crosswalk by the tennis courts outside of tow, and @ thje turnarounds outside of eng and bee", 2012 01 11 12
1, "The PRT is currently running on a normal schedule.", 2012 01 11 12
5, "The prt is out of service @ hos,tow, and eng, busses are picking up @ the bottom of mtr sta outside of hos, @ the croisswalk by the tennis courts outside of tow, and @! the turnaround outside of eng", 2012 01 11 12
5, "The prt is out of servicve @ tow, eng, bee, and hos, busses mpick up @ the crosswalk by the tennis courts outside of tow, and @ the bottom of mtr sta outside of hos, @ the turnarounds outside of eng and bee", 2012 01 11 11
5, "the prt is down  bee and eng, busses will be picking up @ the turnarounds outside of eng and bee", 2012 01 11 10
2, "The PRT is currently down between Engineering and Beechurst.", 2012 01 11 10
1, "The PRT is currently running on a normal schedule.", 2012 01 09 13
2, "The PRT is currently down between Towers and Walnut Street.", 2012 01 09 11
2, "The PRT is currently down between Engineering and Walnut Street.", 2012 01 09 11
1, "The PRT is currently running on a normal schedule.", 2012 01 09 06
5, "Closed Sunday&#039;s", 2012 01 07 17
1, "The PRT is currently running on a normal schedule.", 2012 01 07 12
6, "The PRT is currently down at the Beechurst station.", 2012 01 07 11
1, "The PRT is currently running on a normal schedule.", 2012 01 06 06
1, "The PRT is currently running on a normal schedule.", 2012 01 05 05
5, "PRT shutdown till the 5th of January", 2012 01 04 13
5, "The prt is out of service @ hos, tow, and eng, busses will pick up @ the bottom of mtr sta outside of hos, @ the crosswalk by the tennis courts outside of tow, and @ the turnaround outside of eng", 2011 12 12 11
2, "The PRT is currently down between Health Sciences Center and Engineering.", 2011 12 12 11
5, "PRT is out of service at Beechurst and walnut&lt; busses are running", 2011 12 09 13
5, "PRT is out of service at beecurst and walnut", 2011 12 09 13
5, "the prt is out of service @ eng and bee, busses will pick up @ the turnarounds outside of eng and bee", 2011 12 08 14
2, "The PRT is currently down between Towers and Beechurst.", 2011 12 08 14
1, "The PRT is currently running on a normal schedule.", 2011 12 07 14
5, "The prt is out of service @ all sta&#039;s, busses are picking up @ the bottom of mtr sta outside of hos, @ the crosswalk by the tennis courts outside of tow, and @ thje turnaroun ds outside of eng and bee, and @ the corner of walnut and chestnut streets outsi", 2011 12 07 14
5, "The prt is out of service @ eng, bee, tow, and wal, busses are picking up @ the crosswalk outside of tow, and @ the turnarounds outside of eng and bee, and @ the corner of walnut and chestnut streets outside of wal", 2011 12 07 13
2, "The PRT is currently down between Engineering and Walnut Street.", 2011 12 07 13
1, "The PRT is currently running on a normal schedule.", 2011 12 07 09
5, "the prt is out of service @ eng, bee, and wal, busses will pick up @ the turnarounds outside of eng and bee, and", 2011 12 07 09
2, "The PRT is currently down between Towers and Beechurst.", 2011 12 07 09
1, "The PRT is currently running on a normal schedule.", 2011 12 06 08
5, "The prt will be down briefly to reboot computers", 2011 12 06 07
5, "PRT is down from towers to medical and medical to all stations", 2011 12 02 09
1, "The PRT is currently running on a normal schedule.", 2011 12 01 12
2, "The PRT is currently down between Towers and Health Sciences Center.", 2011 12 01 12
1, "The PRT is currently running on a normal schedule.", 2011 11 30 11
5, "The prt is out of service @ hos sta, busses will be picking up @ the crosswalk by the tennis courts outside of tow, and @ the bottom of mtr sta outside of hos", 2011 11 30 10
5, "the prt is out of service @ tow and hos, busses will pick up @ the turnaround outside of eng, and @ the crosswalk outside of tow, and @ the bottom of mtr sta out side of hos", 2011 11 30 10
2, "The PRT is currently down between Towers and Health Sciences Center.", 2011 11 30 09
2, "The PRT is currently down between Engineering and Beechurst.", 2011 11 16 10
1, "The PRT is currently running on a normal schedule.", 2011 11 14 09
5, "the prt is out of service between bee and eng, busses pick up @ the turnarounds outside of eng and bee", 2011 11 14 09
5, "prt is down between beechurst and engineering - busses called", 2011 11 11 09
1, "The PRT is currently running on a normal schedule.", 2011 11 08 13
5, "The prt is out of service @ tow, eng, bee, and wal, busses are picking up @ the crosswalk by the tennis courts outside of tow, @ the turnarounds outside of eng and bee, abd @ the corner of wal and chestnut streets outside of wal", 2011 11 08 12
1, "The PRT is currently running on a normal schedule.", 2011 11 02 09
6, "The PRT is currently down at the Health Sciences Center station.", 2011 10 28 11
1, "The PRT is currently running on a normal schedule.", 2011 10 27 15
2, "The PRT is currently down between Engineering and Walnut Street.", 2011 10 27 15
1, "The PRT is currently running on a normal schedule.", 2011 10 17 05
1, "The PRT is currently running on a normal schedule.", 2011 10 14 14
5, "The prt is out of service @ hos, tow, eng and bee, busses pick up @ the bottom of mtr sta outside of hos, @ the crosswalk by the tennis courts outside of tow, and @ the turnarounds outside of eng and bee", 2011 10 14 14
2, "The PRT is currently down between Towers and Beechurst.", 2011 10 14 13
1, "The PRT is currently running on a normal schedule.", 2011 10 14 08
5, "The prt is out of service @ eng and bee, busses pick up @ the turnarounds outside of eng and bee", 2011 10 14 06
1, "The PRT is currently running on a normal schedule.", 2011 10 13 18
5, "The PRT is Currently down between Beechurst and walnut Station. Buses are running from Walnut and Beechurst to Engineering.", 2011 10 13 16
2, "The PRT is currently down between Beechurst and Walnut Street.", 2011 10 13 16
1, "The PRT is currently running on a normal schedule.", 2011 10 13 12
5, "the prt is out of service @ bee and eng, busses pick up @ the turnarounds outside of eng and bee", 2011 10 13 11
5, "the prt is out of service @ eng, bee, and wal, busses are picking up @ the turnarounds outside of bee and eng, and @ the corner of wal and chestnut streets outside of wal", 2011 10 13 10
5, "The prt is out of service @ bee and eng busses will p[ick up @ the turnarounds outside of bee and eng", 2011 10 13 10
1, "The PRT is currently running on a normal schedule.", 2011 10 13 10
5, "Yhe prt is out of service between eng and bee, busses will pick up @ the turnarounds @ eng and bee", 2011 10 13 10
5, "Yhe prt is out of service between eng and bee, busses will pick up @ the turnarounds @ eng and bee", 2011 10 13 10
2, "The PRT is currently down between Beechurst and Engineering.", 2011 10 13 10
1, "The PRT is currently running on a normal schedule.", 2011 10 12 10
5, "The prt is out of service @ bee and eng, busses pick up @ the turnarounds outside of eng and bee", 2011 10 12 10
2, "The PRT is currently down between Engineering and Beechurst.", 2011 10 12 10
1, "The PRT is currently running on a normal schedule.", 2011 10 10 08
5, "The prt is out of service @ tow, eng,bee, and wal, busses pick up @ the crosswalk by the tennis coiurts outside of tow @ the turnarounds outside of eng and bee, and @ the corner of walnut and chestnut sreets outside of wal sta", 2011 10 10 08
2, "The PRT is currently down between Towers and Beechurst.", 2011 10 10 08
1, "The PRT is currently running on a normal schedule.", 2011 10 10 06
5, "The prt is out of service @ bee, busses are picking up @ the turnarounds outside of bee and eng", 2011 10 10 06
6, "The PRT is currently down at the Beechurst station.", 2011 10 10 06
2, "The PRT is currently down between Engineering and Walnut Street.", 2011 10 10 06
1, "The PRT is currently running on a normal schedule.", 2011 10 08 12
2, "The PRT is currently down between Towers and Beechurst.", 2011 10 08 12
2, "The PRT is currently down between Engineering and Beechurst.", 2011 10 08 12
2, "The PRT is currently down between Engineering and Walnut Street.", 2011 10 08 12
2, "The PRT is currently down between Engineering and Beechurst.", 2011 10 08 12
1, "The PRT is currently running on a normal schedule.", 2011 10 07 11
6, "The PRT is currently down at the Beechurst station.", 2011 10 07 10
1, "The PRT is currently running on a normal schedule.", 2011 10 06 10
5, "the prt is out of service @ eng, bee, and wal, busses will pick up @ the turnaround @ eng and bee, and @ the corner of walnut and chestnut streets out side of wal", 2011 10 06 10
2, "The PRT is currently down between Engineering and Beechurst.", 2011 10 06 10
1, "The PRT is currently running on a normal schedule.", 2011 10 06 09
6, "The PRT is currently down at the Beechurst station.", 2011 10 06 09
1, "The PRT is currently running on a normal schedule.", 2011 10 06 08
4, "The PRT is currently down.", 2011 10 06 08
1, "The PRT is currently running on a normal schedule.", 2011 10 06 08
1, "The PRT is currently running on a normal schedule.", 2011 10 05 13
5, "The prt is out of service @ hos, tow, eng and bee, busses pick up @ the bottom of mtr sta, outside of hos, @ the crosswalk by the tennis courts outside of tow, and @ the turnarounds outside of bee and eng", 2011 10 05 13
5, "The prt is out of service @ tow, eng and bee, busses are picking up @ the crosswalk by the tennis courts outside of tow, and @ the turnarounds outside of eng and bee", 2011 10 05 13
2, "The PRT is currently down between Towers and Beechurst.", 2011 10 05 13
1, "The PRT is currently running on a normal schedule.", 2011 10 05 09
5, "prt down from towers, hosp. and eng. stations to beechurst and walnut.", 2011 10 05 09
1, "The PRT is currently running on a normal schedule.", 2011 10 04 11
5, "the prt is out of service @ tow, eng and bee, busses will pick up @ the turnarounds outside of eng and bee, and @ the crosswalk by the tennis courts outside of tow", 2011 10 04 11
2, "The PRT is currently down between Towers and Beechurst.", 2011 10 04 11
1, "The PRT is currently running on a normal schedule.", 2011 10 03 14
2, "The PRT is currently down between Walnut Street and Beechurst.", 2011 10 03 13
1, "The PRT is currently running on a normal schedule.", 2011 10 03 12
5, "The prt is out of service @ eng, bee, and wal, busses pick up @ the turnarounds outside of eng and bee, and @ the corner of walnut and chestnut streets outside of wal", 2011 10 03 12
2, "The PRT is currently down between Engineering and Walnut Street.", 2011 10 03 12
1, "The PRT is currently running on a normal schedule.", 2011 10 03 09
5, "The prt is out of service between tow and hos, busses will be picking up @ the crosswalk by the tennis courts outside of tow, and @ the bottom of mtr sta outside of hos", 2011 10 03 08
2, "The PRT is currently down between Towers and Health Sciences Center.", 2011 10 03 08
1, "The PRT is currently running on a normal schedule.", 2011 10 03 08
1, "The PRT is currently running on a normal schedule.", 2011 10 03 08
5, "the prt is out of service between bee and wal, busses are picking up @ the turnaround outside of bee and @ the corner of walnut and chestnut streets outside of wal sta", 2011 10 03 08
2, "The PRT is currently down between Beechurst and Walnut Street.", 2011 10 03 08
1, "The PRT is currently running on a normal schedule.", 2011 10 01 17
6, "The PRT is currently down at the Health Sciences Center station.", 2011 10 01 17
1, "The PRT is currently running on a normal schedule.", 2011 10 01 12
2, "The PRT is currently down between Walnut Street and Beechurst.", 2011 10 01 12
2, "The PRT is currently down between Walnut Street and Beechurst.", 2011 10 01 12
1, "The PRT is currently running on a normal schedule.", 2011 09 28 10
2, "The PRT is currently down between Engineering and Beechurst.", 2011 09 28 10
1, "The PRT is currently running on a normal schedule.", 2011 09 28 09
2, "The PRT is currently down between Engineering and Beechurst.", 2011 09 28 09
1, "The PRT is currently running on a normal schedule.", 2011 09 27 09
5, "Eng sta is out of service, busses are picking up @ the crosswalk by the tennis courts outside of tow, and @ the turnarounds outside of eng and bee", 2011 09 27 09
6, "The PRT is currently down at the Engineering station.", 2011 09 27 09
1, "The PRT is currently running on a normal schedule.", 2011 09 27 07
5, "The prt ic currently out of service, busses are picking up @ the bottom of mtr sta outside of hos, @ the crosswalk by the tennis courts out side of tow, @ the turnarounds outside of eng and bee, and @ the corner of walnut and chestnut streets @ wal", 2011 09 27 06
4, "The PRT is currently down.", 2011 09 27 06
2, "The PRT is currently down between Towers and Beechurst.", 2011 09 27 06
1, "The PRT is currently running on a normal schedule.", 2011 09 26 12
2, "The PRT is currently down between Towers and Beechurst.", 2011 09 26 12
1, "The PRT is currently running on a normal schedule.", 2011 09 26 10
5, "The prt is put of service @ bee, eng and wal busses are picking up @ the turnarounds outside of eng and bee and @ the corner of walnut nd chestnut streets outside of wal", 2011 09 26 10
5, "The prt is out of service between eng and bee, busses are picking up @ the turnarounds @ eng and bee", 2011 09 26 10
2, "The PRT is currently down between Engineering and Beechurst.", 2011 09 26 10
2, "The PRT is currently down between Engineering and Beechurst.", 2011 09 26 10
1, "The PRT is currently running on a normal schedule.", 2011 09 26 09
2, "The PRT is currently down between Engineering and Beechurst.", 2011 09 26 08
1, "The PRT is currently running on a normal schedule.", 2011 09 24 12
2, "The PRT is currently down between Engineering and Beechurst.", 2011 09 24 12
1, "The PRT is currently running on a normal schedule.", 2011 09 22 14
5, "the PRT is out of service to and from med center", 2011 09 22 13
1, "The PRT is currently running on a normal schedule.", 2011 09 21 12
2, "The PRT is currently down between Towers and Beechurst.", 2011 09 21 12
1, "The PRT is currently running on a normal schedule.", 2011 09 21 12
1, "The PRT is currently running on a normal schedule.", 2011 09 21 11
5, "The prt is out of service between bee and eng, busses pick up @ the turnarounds outside of bee and eng", 2011 09 21 10
2, "The PRT is currently down between Beechurst and Engineering.", 2011 09 21 10
1, "The PRT is currently running on a normal schedule.", 2011 09 19 07
5, "The prt is out of service @ bee sta, busses are running @ eng, bee, and wal sta&#039;s the busses pick up @ the turnarounds outside of eng and bee sta&#039;s and @ the corner of walnut and chestnut streets outside of wal", 2011 09 19 06
1, "The PRT is currently running on a normal schedule.", 2011 09 16 12
5, "prt out of service all stations - computerreboot- 10 min.", 2011 09 16 12
1, "The PRT is currently running on a normal schedule.", 2011 09 16 11
6, "The PRT is currently down at the Beechurst station.", 2011 09 16 11
1, "The PRT is currently running on a normal schedule.", 2011 09 15 15
2, "The PRT is currently down between Health Sciences Center and Towers.", 2011 09 15 14
1, "The PRT is currently running on a normal schedule.", 2011 09 15 13
5, "The prt is out of service @ HOS, busses pick up @ the bottom of mtr sta, and @ the crosswalk by the tennis courts outside of tow", 2011 09 15 13
6, "The PRT is currently down at the Health Sciences Center station.", 2011 09 15 13
1, "The PRT is currently running on a normal schedule.", 2011 09 15 11
4, "The PRT is currently down.", 2011 09 15 11
1, "The PRT is currently running on a normal schedule.", 2011 09 14 13
2, "The PRT is currently down between Engineering and Beechurst.", 2011 09 14 13
1, "The PRT is currently running on a normal schedule.", 2011 09 14 08
2, "The PRT is currently down between Engineering and Beechurst.", 2011 09 14 07
1, "The PRT is currently running on a normal schedule.", 2011 09 10 16
4, "The PRT is currently down.", 2011 09 10 16
1, "The PRT is currently running on a normal schedule.", 2011 09 10 16
2, "The PRT is currently down between Engineering and Beechurst.", 2011 09 10 15
1, "The PRT is currently running on a normal schedule.", 2011 09 08 12
2, "The PRT is currently down between Health Sciences Center and Beechurst.", 2011 09 08 12
1, "The PRT is currently running on a normal schedule.", 2011 09 07 09
2, "The PRT is currently down between Engineering and Beechurst.", 2011 09 07 09
1, "The PRT is currently running on a normal schedule.", 2011 09 06 10
6, "The PRT is currently down at the Walnut Street station.", 2011 09 06 10
1, "The PRT is currently running on a normal schedule.", 2011 09 06 10
5, "The prt is out of service @ eng and bee, busses arepicking up @ the turnarounds out side of eng and bee", 2011 09 06 10
1, "The PRT is currently running on a normal schedule.", 2011 09 06 09
5, "The prt is out of service @ bee and eng, busses pick up @ the turnarounds outside of eng and bee", 2011 09 06 09
2, "The PRT is currently down between Engineering and Beechurst.", 2011 09 06 09
1, "The PRT is currently running on a normal schedule.", 2011 09 04 19
2, "The PRT is currently down between Beechurst and Walnut Street.", 2011 09 04 19
1, "The PRT is currently running on a normal schedule.", 2011 09 01 09
5, "prt is out of service all stations for 10 min. for restart of central computer", 2011 09 01 09
1, "The PRT is currently running on a normal schedule.", 2011 08 31 10
5, "prt is out of service all stations", 2011 08 31 09
1, "The PRT is currently running on a normal schedule.", 2011 08 30 14
6, "The PRT is currently down at the Towers station.", 2011 08 30 14
1, "The PRT is currently running on a normal schedule.", 2011 08 30 10
2, "The PRT is currently down between Engineering and Beechurst.", 2011 08 30 10
1, "The PRT is currently running on a normal schedule.", 2011 08 29 08
2, "The PRT is currently down between Engineering and Beechurst.", 2011 08 29 08
1, "The PRT is currently running on a normal schedule.", 2011 08 26 14
5, "prt is out of service between beechurst and engineering \busses have been called", 2011 08 26 14
2, "The PRT is currently down between Engineering and Beechurst.", 2011 08 26 13
1, "The PRT is currently running on a normal schedule.", 2011 08 26 08
2, "The PRT is currently down between Engineering and Beechurst.", 2011 08 26 08
1, "The PRT is currently running on a normal schedule.", 2011 08 24 14
2, "The PRT is currently down between Towers and Beechurst.", 2011 08 24 14
1, "The PRT is currently running on a normal schedule.", 2011 08 24 12
2, "The PRT is currently down between Engineering and Beechurst.", 2011 08 24 12
1, "The PRT is currently running on a normal schedule.", 2011 08 24 12
5, "The prt is out of service @ tow, eng, and bee, busses will pick up @ the crosswalk outside of tow, and @ the turnarounds outside of eng and bee", 2011 08 24 11
2, "The PRT is currently down between Towers and Beechurst.", 2011 08 24 11
2, "The PRT is currently down between Engineering and Beechurst.", 2011 08 24 11
2, "The PRT is currently down between Engineering and Beechurst.", 2011 08 24 11
1, "The PRT is currently running on a normal schedule.", 2011 08 23 14
2, "The PRT is currently down between Towers and Beechurst.", 2011 08 23 14
1, "The PRT is currently running on a normal schedule.", 2011 08 23 11
5, "the prt is out of service, busses pick up @ the bottom of mtr sta, at the crosswalk by the tennis courts outside of tow, at the turnarounds outside of eng and bee and the corner of walnut and chestnutstreets outside of wal", 2011 08 23 11
5, "the prt is out of service @ Tow, Eng, Bee, and Wal, busses pickup @ the crosswalk by the tennis courts outside of tow, and @ the turnarounds outside of eng and bee and @ the corner of walnut and chestnut streets outside of wal", 2011 08 23 11
2, "The PRT is currently down between Towers and Beechurst.", 2011 08 23 10
1, "The PRT is currently running on a normal schedule.", 2011 08 22 13
2, "The PRT is currently down between Engineering and Beechurst.", 2011 08 22 13
1, "The PRT is currently running on a normal schedule.", 2011 08 22 10
2, "The PRT is currently down between Engineering and Beechurst.", 2011 08 22 10
1, "The PRT is currently running on a normal schedule.", 2011 08 22 07
1, "The PRT is currently running on a normal schedule.", 2011 08 22 07
2, "The PRT is currently down between Engineering and Walnut Street.", 2011 08 22 07
2, "The PRT is currently down between Engineering and Walnut Street.", 2011 08 22 07
2, "The PRT is currently down between Engineering and Beechurst.", 2011 08 22 07
1, "The PRT is currently running on a normal schedule.", 2011 08 21 13
4, "The PRT is currently down.", 2011 08 21 13
1, "The PRT is currently running on a normal schedule.", 2011 08 17 07
1, "The PRT is currently running on a normal schedule.", 2011 07 28 16
1, "The PRT is currently running on a normal schedule.", 2011 07 28 16
1, "The PRT is currently running on a normal schedule.", 2011 07 25 06
5, "Bee sta is out of service busses are running frpm wal to bee and bee to wal, busses pick up @ the turnaround outside of bee and @ the corner of wal and chestnut streets", 2011 07 25 06
1, "The PRT is currently running on a normal schedule.", 2011 07 11 08
5, "Due to technical reasons, are coccourse display signs are not working @ this time, however, the PRT is running on a normal schedule", 2011 07 11 07
2, "The PRT is currently down between Beechurst and Engineering.", 2011 06 27 11
1, "The PRT is currently running on a normal schedule.", 2011 06 21 08
6, "The PRT is currently down at the Walnut Street station.", 2011 06 21 08
1, "The PRT is currently running on a normal schedule.", 2011 06 21 07
2, "The PRT is currently down between Towers and Beechurst.", 2011 06 09 13
1, "The PRT is currently running on a normal schedule.", 2011 06 09 08
1, "The PRT is currently running on a normal schedule.", 2011 05 26 18
5, "the prt is 100 percent down buses are being called", 2011 05 26 16
1, "The PRT is currently running on a normal schedule.", 2011 05 26 13
2, "The PRT is currently down between Towers and Health Sciences Center.", 2011 05 26 13
1, "The PRT is currently running on a normal schedule.", 2011 05 26 13
4, "The PRT is currently down.", 2011 05 26 13
1, "The PRT is currently running on a normal schedule.", 2011 05 26 09
2, "The PRT is currently down between Engineering and Walnut Street.", 2011 05 26 08
2, "The PRT is currently down between Engineering and Beechurst.", 2011 05 26 08
1, "The PRT is currently running on a normal schedule.", 2011 05 23 07
1, "The PRT is currently running on a normal schedule.", 2011 05 17 12
5, "prt is out of service between Beecurst and Engineering / busses are running between those stations", 2011 05 17 11
1, "The PRT is currently running on a normal schedule.", 2011 05 17 07
2, "The PRT is currently down between Towers and Beechurst.", 2011 05 17 06
1, "The PRT is currently running on a normal schedule.", 2011 05 16 05
5, "The PRT Closed until May 16th", 2011 05 11 10
1, "The PRT is currently running on a normal schedule.", 2011 05 04 08
5, "The prt is out of service between tow and hos, busses will pick up at the bottom of mtr sta and at the crosswalk by the tennis courts outside of tow", 2011 05 04 08
5, "The PRT is currently down between Health Sciences Center and Towers", 2011 05 04 07
4, "The PRT is currently down.", 2011 05 04 06
5, "The prt is out of service to and from Walnut Staion Buses are running", 2011 05 02 19
5, "tHE PRT IS OUT OF SERVICE @TOW,HOS,BEE,AND eng, BUSSES ARE PICKING UP AT THE BOTTOM OF MTR STA OUTSIDE OF HOS, AND AT THE CROSSWALK BY THE TENNIS COURTS OUTSIDE OF TOW AND AT THE TURNAROUNDS OUTSIDE OF ENG AND BEE", 2011 04 25 09
2, "The PRT is currently down between Beechurst and Health Sciences Center.", 2011 04 25 09
1, "The PRT is currently running on a normal schedule.", 2011 04 25 09
4, "The PRT is currently down.", 2011 04 20 19
1, "The PRT is currently running on a normal schedule.", 2011 04 18 12
2, "The PRT is currently down between Towers and Beechurst.", 2011 04 18 12
1, "The PRT is currently running on a normal schedule.", 2011 04 18 12
1, "The PRT is currently running on a normal schedule.", 2011 04 15 10
2, "The PRT is currently down between Towers and Health Sciences Center.", 2011 04 15 10
1, "The PRT is currently running on a normal schedule.", 2011 04 14 16
1, "The PRT is currently running on a normal schedule.", 2011 04 14 12
6, "The PRT is currently down at the Walnut Street station.", 2011 04 14 12
1, "The PRT is currently running on a normal schedule.", 2011 04 14 11
2, "The PRT is currently down between Beechurst and Health Sciences Center.", 2011 04 14 10
1, "The PRT is currently running on a normal schedule.", 2011 04 14 10
1, "The PRT is currently running on a normal schedule.", 2011 04 12 15
2, "The PRT is currently down between Towers and Beechurst.", 2011 04 12 15
2, "The PRT is currently down between Towers and Beechurst.", 2011 04 12 15
1, "The PRT is currently running on a normal schedule.", 2011 04 11 17
2, "The PRT is currently down between Engineering and Health Sciences Center.", 2011 04 11 16
2, "The PRT is currently down between Engineering and Health Sciences Center.", 2011 04 11 09
1, "The PRT is currently running on a normal schedule.", 2011 04 08 13
1, "The PRT is currently running on a normal schedule.", 2011 04 07 10
6, "The PRT is currently down at the Health Sciences Center station.", 2011 04 07 09
2, "The PRT is currently down between Engineering and Beechurst.", 2011 04 01 12
1, "The PRT is currently running on a normal schedule.", 2011 03 29 14
2, "The PRT is currently down between Engineering and Beechurst.", 2011 03 29 13
6, "The PRT is currently down at the Health Sciences Center station.", 2011 03 18 14
1, "The PRT is currently running on a normal schedule.", 2011 03 14 09
2, "The PRT is currently down between Engineering and Beechurst.", 2011 03 14 08
1, "The PRT is currently running on a normal schedule.", 2011 03 11 12
1, "The PRT is currently running on a normal schedule.", 2011 03 11 12
6, "The PRT is currently down at the Beechurst station.", 2011 03 11 10
2, "The PRT is currently down between Engineering and Beechurst.", 2011 03 10 09
1, "The PRT is currently running on a normal schedule.", 2011 03 10 08
2, "The PRT is currently down between Engineering and Health Sciences Center.", 2011 03 10 08
2, "The PRT is currently down between Engineering and Beechurst.", 2011 03 10 08
2, "The PRT is currently down between Beechurst and Engineering.", 2011 03 09 11
1, "The PRT is currently running on a normal schedule.", 2011 03 04 13
1, "The PRT is currently running on a normal schedule.", 2011 03 03 08
2, "The PRT is currently down between Engineering and Beechurst.", 2011 03 03 08
1, "The PRT is currently running on a normal schedule.", 2011 03 01 14
2, "The PRT is currently down between Beechurst and Engineering.", 2011 03 01 14
1, "The PRT is currently running on a normal schedule.", 2011 03 01 13
1, "The PRT is currently running on a normal schedule.", 2011 02 22 13
1, "The PRT is currently running on a normal schedule.", 2011 02 22 09
6, "The PRT is currently down at the Health Sciences Center station.", 2011 02 22 09
5, "the prt is o ut of service @ bee and eng stas, busses are pickng up @ the turnarounds outside of bee and eng", 2011 02 22 08
4, "The PRT is currently down.", 2011 02 21 14
1, "The PRT is currently running on a normal schedule.", 2011 02 18 09
1, "The PRT is currently running on a normal schedule.", 2011 02 16 10
1, "The PRT is currently running on a normal schedule.", 2011 02 15 13
1, "The PRT is currently running on a normal schedule.", 2011 02 15 12
6, "The PRT is currently down at the Beechurst station.", 2011 02 15 12
5, "prt down @ engineering", 2011 02 15 12
1, "The PRT is currently running on a normal schedule.", 2011 02 15 11
2, "The PRT is currently down between Beechurst and Health Sciences Center.", 2011 02 15 10
1, "The PRT is currently running on a normal schedule.", 2011 02 15 10
4, "The PRT is currently down.", 2011 02 15 10
1, "The PRT is currently running on a normal schedule.", 2011 02 15 10
2, "The PRT is currently down between Towers and Health Sciences Center.", 2011 02 15 09
5, "prt is down north bound beechurst to engineering", 2011 02 11 12
1, "The PRT is currently running on a normal schedule.", 2011 02 10 08
2, "The PRT is currently down between Towers and Engineering.", 2011 02 10 08
1, "The PRT is currently running on a normal schedule.", 2011 02 09 08
1, "The PRT is currently running on a normal schedule.", 2011 02 08 22
5, "the prt is down to and from Walnut Station buses are running Beechurst Station to and from Walnut stya", 2011 02 08 18
5, "The prt is out of service at bee and eng sta&#039;s, busses pick up at the turnarounds outside of eng and bee", 2011 02 07 13
1, "The PRT is currently running on a normal schedule.", 2011 02 07 13
1, "The PRT is currently running on a normal schedule.", 2011 02 03 15
2, "The PRT is currently down between Engineering and Health Sciences Center.", 2011 02 03 15
2, "The PRT is currently down between Health Sciences Center and Beechurst.", 2011 02 02 11
1, "The PRT is currently running on a normal schedule.", 2011 02 02 10
5, "The prt is out of service at tow and hos, busses pickup at the bottom of mtr sta, and at the crosswalk by the tennis courts outside of tow", 2011 02 02 10
5, "The prt is out of service at tow and hos, busses pickup at the bottom of mtr sta, and at the crosswalk by the tennis courts outside of tow", 2011 02 02 10
2, "The PRT is currently down between Towers and Health Sciences Center.", 2011 02 02 10
4, "The PRT is currently down.", 2011 02 01 20
1, "The PRT is currently running on a normal schedule.", 2011 02 01 17
1, "The PRT is currently running on a normal schedule.", 2011 02 01 13
5, "The prt is currently out of service @tow, eng, bee and wal busses are picking up at the crosswalk by the tennis courts, at the turnarounds outside of eng and bee, and at the corner of wal and chestnut streets outside of wal", 2011 02 01 12
2, "The PRT is currently down between Towers and Beechurst.", 2011 02 01 12
1, "The PRT is currently running on a normal schedule.", 2011 01 31 13
5, "The prt is out od service throughout the system, busses pick at the bottom of mtr sta, at the crosswalk by the tennis courts outside of tow, and the turnrounds outside of eng and bee, and at the corner of wal and chestnut streets", 2011 01 31 13
5, "The prt is out od service throughout the system, busses pick at the bottom of mtr sta, at the crosswalk by the tennis courts outside of tow, and the turnrounds outside of eng and bee, and at the corner of wal and chestnut streets", 2011 01 31 13
5, "The prt is temporarily out of service from HOS to BEE, busses pick up at the bottom of mtr sta outside of hos, at the crosswalk by the tennis courts outside of tow, and at the turnarounds outside of eng and bee", 2011 01 31 12
1, "The PRT is currently running on a normal schedule.", 2011 01 31 07
1, "The PRT is currently running on a normal schedule.", 2011 01 27 11
2, "The PRT is currently down between Engineering and Beechurst.", 2011 01 27 11
1, "The PRT is currently running on a normal schedule.", 2011 01 27 10
1, "The PRT is currently running on a normal schedule.", 2011 01 27 10
5, "The prt will be temporarily oout of service to reboot computers, this should only last 15 mins at the most", 2011 01 27 10
1, "The PRT is currently running on a normal schedule.", 2011 01 26 15
5, "WVU classes will be closed at 4", 2011 01 26 14
5, "WVU classes will be closed at 4", 2011 01 26 14
2, "The PRT is currently down between Beechurst and Health Sciences Center.", 2011 01 24 12
1, "The PRT is currently running on a normal schedule.", 2011 01 24 09
2, "The PRT is currently down between Engineering and Beechurst.", 2011 01 24 09
2, "The PRT is currently down between Towers and Health Sciences Center.", 2011 01 22 15
1, "The PRT is currently running on a normal schedule.", 2011 01 21 09
1, "The PRT is currently running on a normal schedule.", 2011 01 19 16
5, "The PRT is out of service between Beech Sta and Eng Sta", 2011 01 19 16
5, "The prt is out of service @tow, eng, bee, and wal sta&#039;s, the busses pick up at the crosswalk by the tennis courts outside of tow sta, and at the turnarounds outside of eng and bee, and at the corner of walnut and chestnut streets outside of wal sta", 2011 01 19 11
5, "The prt is currently out of service between Eng and Bee, Busses will pick up at Tow at the crosswalk by the tennis courts, and at the tirnarounds outside of bee and eng", 2011 01 19 10
2, "The PRT is currently down between Engineering and Beechurst.", 2011 01 19 10
1, "The PRT is currently running on a normal schedule.", 2011 01 19 10
1, "The PRT is currently running on a normal schedule.", 2011 01 18 12
6, "The PRT is currently down at the Walnut Street station.", 2011 01 15 09
5, "The prt will be temporarily out of service to reboot computers, estimated time will be 15 mins", 2011 01 13 10
1, "The PRT is currently running on a normal schedule.", 2011 01 12 15
1, "The PRT is currently running on a normal schedule.", 2011 01 12 12
5, "The prt is currently out of service between Tow and Bee, Busses will be picking up at the crosswalk by the tennis courts @ tow, and at the turnarounds outside of Bee and ENG", 2011 01 12 12
6, "The PRT is currently down at the Health Sciences Center station.", 2011 01 11 08
1, "The PRT is currently running on a normal schedule.", 2011 01 11 07
2, "The PRT is currently down between Engineering and Beechurst.", 2011 01 11 07
1, "The PRT is currently running on a normal schedule.", 2011 01 11 05
5, "The PRT is Out of service to and from Walnut Station buses are running Beech Sta and Walnut Sta", 2011 01 10 15
6, "The PRT is currently down at the Health Sciences Center station.", 2011 01 10 14
1, "The PRT is currently running on a normal schedule.", 2011 01 10 10
1, "The PRT is currently running on a normal schedule.", 2011 01 10 09
5, "The prt is currently out of service, busses are picking up @ all sta&#039;s, at the bottom of mtr sta at hos, at the crosswalk by the tennis courts at tow, at the turnarounds at bee and eng and along the main road at wal", 2011 01 10 08
5, "The prt is out of service @ WAL sta, busses are picking outside of the sta, along the main road", 2011 01 10 06
5, "The PRT is out of service @ WAL STA, the busses are running and picking up at the turnaround by the main road", 2011 01 10 06
1, "The PRT is currently running on a normal schedule.", 2010 12 17 05
1, "The PRT is currently running on a normal schedule.", 2010 12 16 11
5, "due to snow the prt is in and out of service, bus support is available at all stations.", 2010 12 16 11
5, "The prt is currently out of service between eng and bee, busses are picking up at the turnarounds outside of bee and eng stations", 2010 12 09 07
1, "The PRT is currently running on a normal schedule.", 2010 12 08 13
2, "The PRT is currently down between Engineering and Beechurst.", 2010 12 08 13
5, "The PRT is currently out of service at the Health Sciences Center", 2010 12 06 12
5, "The PRT is temporary out of service between Engineering and Beechurst stations, buses are running between bus turnarounds.", 2010 12 02 12
5, "The prt will be temporarilyu out of service, due to a problem in the mnt facility, estimated time will be 10 mins", 2010 12 02 12
1, "The PRT is currently running on a normal schedule.", 2010 12 02 07
5, "The PRT is out of service between Walnut, Beechurst, and Engineering, buses are operating at the buse turnarounds at these stations.", 2010 11 30 09
5, "The prt is out of service between wal and bee, busses will be picking up at the turnarounds at bee and eng and out side of wal sta", 2010 11 30 08
5, "PRT is currently out of service between Beechurst and Walnut", 2010 11 30 08
1, "The PRT is currently running on a normal schedule.", 2010 11 18 08
5, "The PRT is currently down between Towers and Beechurst stations, buses are operating Beechurst and Towers stations", 2010 11 18 08
2, "The PRT is currently down between Towers and Engineering.", 2010 11 18 07
5, "The prt is currently down between HOS and ENG stations, we have busses picking up at the bottom of mountaineer station at Hos, and at the crosswalk by the tennis courts at tow, and at the turnarounds at Bee and Eng stations", 2010 11 18 07
2, "The PRT is currently down between Health Sciences Center and Towers.", 2010 11 18 06
1, "The PRT is currently running on a normal schedule.", 2010 11 16 16
1, "The PRT is currently running on a normal schedule.", 2010 11 10 12
5, "The prt will be stopping traffic briefly to reboot computers, service will resume promptly", 2010 11 10 12
2, "The PRT is currently down between Engineering and Beechurst.", 2010 11 09 11
5, "PRT is out of service at beechurst to walnut - busses are running", 2010 11 05 13
1, "The PRT is currently running on a normal schedule.", 2010 11 03 22
1, "The PRT is currently running on a normal schedule.", 2010 11 01 08
2, "The PRT is currently down between Beechurst and Walnut Street.", 2010 11 01 08
2, "The PRT is currently down between Beechurst and Towers.", 2010 10 28 12
2, "The PRT is currently down between Towers and Engineering.", 2010 10 28 12
6, "The PRT is currently down at the Health Sciences Center station.", 2010 10 27 10
5, "PRT out of service between eng. and beech. stations - busses are running between those stations.", 2010 10 26 12
2, "The PRT is currently down between Engineering and Beechurst.", 2010 10 26 12
5, "The PRT is currently down at Medical Station.", 2010 10 25 16
6, "The PRT is currently down at the Health Sciences Center station.", 2010 10 25 16
1, "The PRT is currently running on a normal schedule.", 2010 10 23 11
4, "The PRT is currently down.", 2010 10 23 11
2, "The PRT is currently down between Towers and Health Sciences Center.", 2010 10 21 10
2, "The PRT is currently down between Beechurst and Walnut Street.", 2010 10 21 08
6, "The PRT is currently down at the Towers station.", 2010 10 19 11
6, "The PRT is currently down at the Health Sciences Center station.", 2010 10 19 11
1, "The PRT is currently running on a normal schedule.", 2010 10 18 19
1, "The PRT is currently running on a normal schedule.", 2010 10 14 17
4, "The PRT is currently down.", 2010 10 14 17
1, "The PRT is currently running on a normal schedule.", 2010 10 14 17
1, "The PRT is currently running on a normal schedule.", 2010 10 11 10
1, "The PRT is currently running on a normal schedule.", 2010 10 07 07
2, "The PRT is currently down between Engineering and Health Sciences Center.", 2010 10 06 07
1, "The PRT is currently running on a normal schedule.", 2010 10 01 13
5, "The PRT is currently out of service all stations except Walnut to Beechurst", 2010 10 01 13
1, "The PRT is currently running on a normal schedule.", 2010 09 29 14
5, "The PRT is currently down between Walnut and Beechurst", 2010 09 29 13
5, "PRT is down from beechurst and engineering. Busses are running between those stations.", 2010 09 29 12
5, "PRT is out of service between engineering , beechurst and walnut. Busses are picking up at engineering and beechurst.", 2010 09 29 12
1, "The PRT is currently running on a normal schedule.", 2010 09 29 09
2, "The PRT is currently down between Engineering and Beechurst.", 2010 09 29 09
2, "The PRT is currently down between Engineering and Beechurst.", 2010 09 29 07
1, "The PRT is currently running on a normal schedule.", 2010 09 27 12
5, "The PRT will be out of service for about 15 minutes to reboot our computers", 2010 09 27 08
1, "The PRT is currently running on a normal schedule.", 2010 09 24 08
1, "The PRT is currently running on a normal schedule.", 2010 08 26 09
2, "The PRT is currently down between Engineering and Beechurst.", 2010 08 26 07
6, "The PRT is currently down at the Walnut Street station.", 2010 07 14 16
1, "The PRT is currently running on a normal schedule.", 2010 07 06 14
1, "The PRT is currently running on a normal schedule.", 2010 07 03 07
5, "The PRT is currently running on a normal schedule.  The PRT will be closed July 2  ", 2010 06 30 10
1, "The PRT is currently running on a normal schedule.", 2010 06 23 12
6, "The PRT is currently down at the Engineering station.", 2010 06 23 11
4, "The PRT is currently down.", 2010 06 09 13
6, "The PRT is currently down at the Health Sciences Center station.", 2010 06 09 07
1, "The PRT is currently running on a normal schedule.", 2010 06 09 07
6, "The PRT is currently down at the Health Sciences Center station.", 2010 06 09 06
2, "The PRT is currently down between Beechurst and Engineering.", 2010 06 04 11
1, "The PRT is currently running on a normal schedule.", 2010 06 03 14
2, "The PRT is currently down between Engineering and Walnut Street.", 2010 06 03 14
1, "The PRT is currently running on a normal schedule.", 2010 05 27 12
1, "The PRT is currently running on a normal schedule.", 2010 05 25 17
1, "The PRT is currently running on a normal schedule.", 2010 05 24 07
1, "The PRT is currently running on a normal schedule.", 2010 05 20 08
2, "The PRT is currently down between Engineering and Beechurst.", 2010 05 20 07
1, "The PRT is currently running on a normal schedule.", 2010 05 17 08
1, "The PRT is currently running on a normal schedule.", 2010 05 17 06
1, "The PRT is currently running on a normal schedule.", 2010 05 07 10
1, "The PRT is currently running on a normal schedule.", 2010 05 06 18
6, "The PRT is currently down at the Health Sciences Center station.", 2010 05 06 18
1, "The PRT is currently running on a normal schedule.", 2010 05 05 12
1, "The PRT is currently running on a normal schedule.", 2010 04 30 07
2, "The PRT is currently down between Beechurst and Health Sciences Center.", 2010 04 30 06
2, "The PRT is currently down between Beechurst and Engineering.", 2010 04 23 16
6, "The PRT is currently down at the Walnut Street station.", 2010 04 12 19
4, "The PRT is currently down.", 2010 04 12 17
1, "The PRT is currently running on a normal schedule.", 2010 04 12 16
5, "The prt is currently down from ENG to TOW and HOS and HOS and TOW to ENG", 2010 04 05 07
5, "The PRT is down for Spring Break (March 27 -April 3)", 2010 03 31 10
